{"mse": 7.949093159711125e-24, "mae": 2.234845121210059e-11, "rmse": 2.8194136198350048e-12, "r2_score": 100.0}