{"mse": 0.2584974173553769, "mae": 3.8163645110657374, "rmse": 0.5084264129206673, "r2_score": -29.070222581303074}