{"mse": 2.4161414416073968e-29, "mae": 4.204546736601691e-14, "rmse": 4.915426168306668e-15, "r2_score": 100.0}