{"mse": 0.20649843362639467, "mae": 3.403468298819481, "rmse": 0.4544209872204349, "r2_score": 7.279302000884247}