{"mse": 0.025072608459032225, "mae": 1.1950729765882497, "rmse": 0.15834332464310652, "r2_score": 91.2762927977699}