{"mse": 0.08053736851458515, "mae": 2.2957847870671735, "rmse": 0.28379106489561146, "r2_score": 58.13287309645013}